id,speaker,text,portraitId,isPlayer
boss_intro_1,Khi,"(기분 탓인가? 저 멀리 보이는 게... 어쩐지 마음에 걸려)",khi_neutral,true
boss_intro_2,Bertha,"드디어 왔구나, 잃어버린 자여.",bertha_smirk,false
boss_intro_3,Bertha,"네 기억은 이 던전 속에 흩어져 있다. 되찾을 자격이 있는지 보여봐라.",bertha_smirk,false
boss_intro_4,Khi,"...너는 누구지? 왜 나를 알고 있어?",khi_alert,true
boss_intro_5,Bertha,"곧 알게 될 것이다. 살아남는다면.",bertha_laugh,false
shopkeeper_greeting_1,Shopkeeper,"어서 오게나, 모험가여! 좋은 물건이 많이 들어왔다네.",shop_smile,false
shopkeeper_greeting_2,Khi,"...뭔가 둘러볼게요.",khi_neutral,true
tutorial_intro_1,Khi,"여긴... 어디지? 머리가 깨질 것 같아.",khi_alert,true
tutorial_intro_2,Khi,"일단 앞으로 나아가 보자. 무언가 단서가 있을지도.",khi_neutral,true
